Date,StoreID,Category,Revenue
2023-09-10,S001,Electronics,1219.9425
2023-09-17,S001,Electronics,18057.034
2023-09-24,S001,Electronics,8058.271500000001
2023-10-01,S001,Electronics,6972.308000000001
2023-10-08,S001,Electronics,20552.12
2023-10-15,S001,Electronics,9273.933
2023-10-22,S001,Electronics,18673.4075
2023-10-29,S001,Electronics,23837.02
2023-11-12,S001,Electronics,15735.41
2023-11-19,S001,Electronics,8412.909
2023-11-26,S001,Electronics,13345.0725
2023-12-03,S001,Electronics,22678.825
2023-12-10,S001,Electronics,13787.686
2023-12-17,S001,Electronics,7325.507
2023-12-24,S001,Electronics,26208.059
2023-12-31,S001,Electronics,14070.806499999999
2024-01-07,S001,Electronics,12289.444
2024-01-14,S001,Electronics,1637.52
2024-01-21,S001,Electronics,5857.950000000001
2024-01-28,S001,Electronics,4201.241999999999
2024-02-04,S001,Electronics,8271.06
2024-02-11,S001,Electronics,14976.141000000001
2024-02-18,S001,Electronics,24975.604
2024-02-25,S001,Electronics,13652.110499999999
2024-03-03,S001,Electronics,6249.827499999999
2024-03-10,S001,Electronics,8645.3925
2024-03-17,S001,Electronics,14568.554499999998
2024-03-24,S001,Electronics,12176.868
2024-03-31,S001,Electronics,2051.791
2024-04-07,S001,Electronics,22561.505
2024-04-14,S001,Electronics,10797.74
2024-04-21,S001,Electronics,31109.3935
2024-04-28,S001,Electronics,2236.5345
2024-05-12,S001,Electronics,17096.666
2024-05-19,S001,Electronics,8876.701000000001
2024-05-26,S001,Electronics,15217.177
2024-06-02,S001,Electronics,4409.3645
2024-06-09,S001,Electronics,9297.925499999998
2024-06-16,S001,Electronics,15523.563999999998
2024-06-23,S001,Electronics,12224.8385
2024-06-30,S001,Electronics,8866.5585
2024-07-07,S001,Electronics,28023.0425
2024-07-14,S001,Electronics,12590.0785
2024-07-21,S001,Electronics,3368.8999999999996
2024-07-28,S001,Electronics,8384.857
2024-08-04,S001,Electronics,5136.4675
2024-08-11,S001,Electronics,20688.496499999997
2024-08-18,S001,Electronics,6957.703
2024-08-25,S001,Electronics,22282.967
2024-09-01,S001,Electronics,20240.9515
2024-09-08,S001,Electronics,8279.8755
2024-09-15,S001,Electronics,15274.294
2024-09-22,S001,Electronics,23870.6495
2024-09-29,S001,Electronics,15021.093499999999
2024-10-06,S001,Electronics,20501.7965
2024-10-13,S001,Electronics,17028.4285
2024-10-20,S001,Electronics,16183.378499999999
2024-10-27,S001,Electronics,15180.2475
2024-11-03,S001,Electronics,4267.9095
2024-11-10,S001,Electronics,15530.3055
2024-11-17,S001,Electronics,15936.1345
2024-11-24,S001,Electronics,15977.2445
2024-12-01,S001,Electronics,12048.923999999999
2024-12-08,S001,Electronics,11060.392
2024-12-15,S001,Electronics,17123.706
2024-12-22,S001,Electronics,12211.446
2024-12-29,S001,Electronics,8703.7425
2025-01-05,S001,Electronics,15876.4385
2025-01-12,S001,Electronics,11128.776999999998
2025-01-19,S001,Electronics,15943.875
2025-01-26,S001,Electronics,3244.1865
2025-02-02,S001,Electronics,1025.8955
2025-02-09,S001,Electronics,8514.7035
2025-02-16,S001,Electronics,6626.246
2025-02-23,S001,Electronics,25237.919
2025-03-02,S001,Electronics,17163.0625
2025-03-09,S001,Electronics,5097.4595
2025-03-16,S001,Electronics,21904.3425
2025-03-23,S001,Electronics,26124.6685
2025-03-30,S001,Electronics,1586.6280000000002
2025-04-06,S001,Electronics,15141.714
2025-04-20,S001,Electronics,18540.807
2025-04-27,S001,Electronics,14838.054
2025-05-04,S001,Electronics,22101.7535
2025-05-11,S001,Electronics,10536.733499999998
2025-05-18,S001,Electronics,10801.377
2025-05-25,S001,Electronics,22470.1995
2025-06-01,S001,Electronics,14072.056
2025-06-08,S001,Electronics,11649.1455
2025-06-15,S001,Electronics,12075.43
2025-06-22,S001,Electronics,15695.490999999998
2025-06-29,S001,Electronics,21891.604499999998
2025-07-06,S001,Electronics,9915.611499999999
2025-07-13,S001,Electronics,17954.199999999997
2025-07-20,S001,Electronics,21289.8625
2025-07-27,S001,Electronics,7819.450999999999
2025-08-03,S001,Electronics,10320.232
2025-08-10,S001,Electronics,16027.791500000001
2025-08-17,S001,Electronics,18060.344
2025-08-24,S001,Electronics,10287.2945
2025-09-07,S001,Electronics,3435.021
2025-09-14,S001,Electronics,4589.5325
2023-09-10,S001,Fashion,93.313
2023-09-17,S001,Fashion,15217.6505
2023-09-24,S001,Fashion,7871.554
2023-10-01,S001,Fashion,5846.712
2023-10-08,S001,Fashion,12514.439
2023-10-15,S001,Fashion,13322.1135
2023-10-22,S001,Fashion,18213.9195
2023-10-29,S001,Fashion,8166.474
2023-11-05,S001,Fashion,5697.679
2023-11-12,S001,Fashion,5751.1635
2023-11-19,S001,Fashion,1431.284
2023-11-26,S001,Fashion,10921.7675
2023-12-03,S001,Fashion,7466.518499999999
2023-12-10,S001,Fashion,17483.101
2023-12-17,S001,Fashion,5342.377000000001
2023-12-24,S001,Fashion,13099.15
2023-12-31,S001,Fashion,11973.878
2024-01-07,S001,Fashion,1085.4270000000001
2024-01-14,S001,Fashion,6048.378000000001
2024-01-21,S001,Fashion,5410.9
2024-01-28,S001,Fashion,13029.008
2024-02-04,S001,Fashion,7420.1005000000005
2024-02-11,S001,Fashion,2752.685
2024-02-18,S001,Fashion,6031.292
2024-02-25,S001,Fashion,13252.879
2024-03-03,S001,Fashion,6241.400000000001
2024-03-10,S001,Fashion,16205.482
2024-03-17,S001,Fashion,21997.304
2024-03-24,S001,Fashion,18696.432
2024-03-31,S001,Fashion,27576.43
2024-04-07,S001,Fashion,2413.4775
2024-04-14,S001,Fashion,6490.868
2024-04-21,S001,Fashion,2074.558
2024-04-28,S001,Fashion,20285.229
2024-05-05,S001,Fashion,4298.114
2024-05-12,S001,Fashion,7924.056
2024-05-19,S001,Fashion,15053.8725
2024-05-26,S001,Fashion,7994.5765
2024-06-02,S001,Fashion,20164.869000000002
2024-06-09,S001,Fashion,12313.594
2024-06-16,S001,Fashion,9575.470000000001
2024-06-23,S001,Fashion,4483.803
2024-06-30,S001,Fashion,13551.359
2024-07-07,S001,Fashion,1456.1399999999999
2024-07-14,S001,Fashion,9314.23
2024-07-21,S001,Fashion,8261.7875
2024-07-28,S001,Fashion,7544.414999999999
2024-08-04,S001,Fashion,9043.498
2024-08-11,S001,Fashion,6305.630999999999
2024-08-18,S001,Fashion,12196.923
2024-08-25,S001,Fashion,18655.1665
2024-09-01,S001,Fashion,13795.413
2024-09-08,S001,Fashion,13450.5435
2024-09-15,S001,Fashion,14620.03
2024-09-22,S001,Fashion,9963.877499999999
2024-09-29,S001,Fashion,11736.6155
2024-10-06,S001,Fashion,8003.616
2024-10-13,S001,Fashion,2238.0575
2024-10-20,S001,Fashion,22486.339
2024-10-27,S001,Fashion,14573.957
2024-11-03,S001,Fashion,6571.714
2024-11-10,S001,Fashion,11287.6835
2024-11-17,S001,Fashion,16017.046999999999
2024-11-24,S001,Fashion,15129.072
2024-12-01,S001,Fashion,7052.130499999999
2024-12-08,S001,Fashion,19066.132
2024-12-15,S001,Fashion,12833.510999999999
2024-12-22,S001,Fashion,15394.826
2024-12-29,S001,Fashion,5236.5845
2025-01-05,S001,Fashion,6388.882
2025-01-12,S001,Fashion,21600.6475
2025-01-19,S001,Fashion,3172.425
2025-01-26,S001,Fashion,959.5139999999999
2025-02-02,S001,Fashion,9197.1875
2025-02-09,S001,Fashion,9219.4555
2025-02-16,S001,Fashion,11100.59
2025-02-23,S001,Fashion,3828.527
2025-03-02,S001,Fashion,733.86
2025-03-09,S001,Fashion,11448.637
2025-03-16,S001,Fashion,4035.047
2025-03-23,S001,Fashion,28748.010000000002
2025-03-30,S001,Fashion,143.27599999999998
2025-04-06,S001,Fashion,10550.1565
2025-04-13,S001,Fashion,8746.969
2025-04-20,S001,Fashion,30848.199
2025-04-27,S001,Fashion,12309.21
2025-05-04,S001,Fashion,27234.031499999997
2025-05-11,S001,Fashion,18495.6885
2025-05-18,S001,Fashion,15133.987
2025-05-25,S001,Fashion,8398.409
2025-06-01,S001,Fashion,20217.7395
2025-06-08,S001,Fashion,22653.588499999998
2025-06-15,S001,Fashion,15824.518
2025-06-22,S001,Fashion,14915.094000000001
2025-06-29,S001,Fashion,1941.3
2025-07-06,S001,Fashion,2534.377
2025-07-13,S001,Fashion,2031.9840000000002
2025-07-20,S001,Fashion,11093.726499999999
2025-07-27,S001,Fashion,8069.433000000001
2025-08-03,S001,Fashion,17787.0425
2025-08-10,S001,Fashion,9988.794000000002
2025-08-17,S001,Fashion,9312.373
2025-08-24,S001,Fashion,13991.7755
2025-08-31,S001,Fashion,10901.503499999999
2025-09-07,S001,Fashion,13972.126499999998
2023-09-17,S001,Groceries,1448.0475
2023-09-24,S001,Groceries,6500.7119999999995
2023-10-08,S001,Groceries,5396.186
2023-10-15,S001,Groceries,585.1525
2023-10-22,S001,Groceries,10553.065999999999
2023-11-05,S001,Groceries,7516.32
2023-11-12,S001,Groceries,1165.878
2023-11-19,S001,Groceries,9031.665500000001
2023-11-26,S001,Groceries,2454.48
2023-12-03,S001,Groceries,3673.9139999999998
2023-12-10,S001,Groceries,246.38
2023-12-17,S001,Groceries,4172.616
2023-12-24,S001,Groceries,1227.24
2023-12-31,S001,Groceries,6764.688
2024-01-14,S001,Groceries,713.0025
2024-01-21,S001,Groceries,7986.089999999999
2024-02-04,S001,Groceries,127.85
2024-02-11,S001,Groceries,2093.7535000000003
2024-02-25,S001,Groceries,1409.8545
2024-03-10,S001,Groceries,24.2915
2024-03-17,S001,Groceries,25.57
2024-03-24,S001,Groceries,5355.378
2024-03-31,S001,Groceries,468.12199999999996
2024-04-07,S001,Groceries,5854.3415
2024-04-14,S001,Groceries,5444.407
2024-04-21,S001,Groceries,4478.911
2024-05-05,S001,Groceries,777.0104999999999
2024-05-12,S001,Groceries,9395.4
2024-05-19,S001,Groceries,3129.462
2024-05-26,S001,Groceries,10715.965999999999
2024-06-02,S001,Groceries,5583.942
2024-06-09,S001,Groceries,2809.09
2024-06-16,S001,Groceries,19696.152000000002
2024-06-23,S001,Groceries,615.95
2024-06-30,S001,Groceries,3769.4715
2024-07-07,S001,Groceries,7570.3735
2024-07-14,S001,Groceries,76.71000000000001
2024-08-04,S001,Groceries,8161.446
2024-08-11,S001,Groceries,4616.895
2024-08-18,S001,Groceries,121.4575
2024-09-01,S001,Groceries,5569.781
2024-09-08,S001,Groceries,1675.9049999999997
2024-09-22,S001,Groceries,3523.204
2024-09-29,S001,Groceries,8131.5395
2024-10-06,S001,Groceries,2645.8905
2024-10-13,S001,Groceries,13339.992
2024-10-20,S001,Groceries,1901.8890000000001
2024-10-27,S001,Groceries,1972.296
2024-11-03,S001,Groceries,1095.72
2024-11-10,S001,Groceries,8713.403999999999
2024-11-17,S001,Groceries,2742.5519999999997
2024-12-01,S001,Groceries,6568.7655
2024-12-08,S001,Groceries,1328.2185
2024-12-15,S001,Groceries,1081.3700000000001
2025-01-05,S001,Groceries,141.322
2025-01-12,S001,Groceries,3497.634
2025-01-19,S001,Groceries,3087.8935
2025-01-26,S001,Groceries,12148.2825
2025-02-02,S001,Groceries,1569.2565
2025-02-16,S001,Groceries,3788.442
2025-02-23,S001,Groceries,17664.7035
2025-03-02,S001,Groceries,3817.5
2025-03-09,S001,Groceries,86.938
2025-03-16,S001,Groceries,14337.878499999999
2025-03-23,S001,Groceries,518.007
2025-03-30,S001,Groceries,3069.252
2025-04-06,S001,Groceries,209.423
2025-04-13,S001,Groceries,2162.7400000000002
2025-04-20,S001,Groceries,7403.982
2025-04-27,S001,Groceries,7644.17
2025-05-11,S001,Groceries,5326.7275
2025-05-18,S001,Groceries,7764.7519999999995
2025-05-25,S001,Groceries,3047.2799999999997
2025-06-01,S001,Groceries,5058.590000000001
2025-06-08,S001,Groceries,954.1500000000001
2025-06-15,S001,Groceries,769.9375
2025-06-22,S001,Groceries,289.4745
2025-06-29,S001,Groceries,3144.446
2025-07-06,S001,Groceries,5944.974
2025-07-13,S001,Groceries,4908.96
2025-07-20,S001,Groceries,3570.2519999999995
2025-07-27,S001,Groceries,4382.88
2025-08-17,S001,Groceries,1597.2179999999998
2025-08-24,S001,Groceries,9094.476
2025-08-31,S001,Groceries,4765.839
2025-09-07,S001,Groceries,6911.168
2023-09-17,S002,Electronics,15902.6535
2023-09-24,S002,Electronics,11577.181999999999
2023-10-01,S002,Electronics,3920.3435
2023-10-08,S002,Electronics,6595.3775000000005
2023-10-15,S002,Electronics,19659.2575
2023-10-22,S002,Electronics,18025.7445
2023-10-29,S002,Electronics,6352.954499999999
2023-11-05,S002,Electronics,19006.698500000002
2023-11-12,S002,Electronics,4421.304
2023-11-19,S002,Electronics,11127.142499999998
2023-12-03,S002,Electronics,17336.894
2023-12-10,S002,Electronics,17375.7415
2023-12-17,S002,Electronics,11086.8555
2023-12-24,S002,Electronics,11464.7765
2023-12-31,S002,Electronics,20058.6215
2024-01-07,S002,Electronics,10944.105
2024-01-14,S002,Electronics,11192.884
2024-01-21,S002,Electronics,5662.656999999999
2024-01-28,S002,Electronics,13255.194
2024-02-04,S002,Electronics,11056.336500000001
2024-02-11,S002,Electronics,17673.422
2024-02-18,S002,Electronics,4343.8279999999995
2024-02-25,S002,Electronics,21562.142499999998
2024-03-03,S002,Electronics,11593.8815
2024-03-10,S002,Electronics,14744.514499999997
2024-03-17,S002,Electronics,9431.1395
2024-03-24,S002,Electronics,3777.595
2024-03-31,S002,Electronics,11703.8285
2024-04-07,S002,Electronics,15161.9675
2024-04-14,S002,Electronics,7443.174
2024-04-21,S002,Electronics,10564.002
2024-04-28,S002,Electronics,20373.037
2024-05-05,S002,Electronics,17568.9685
2024-05-12,S002,Electronics,4540.495
2024-05-19,S002,Electronics,17637.861
2024-05-26,S002,Electronics,10216.2745
2024-06-02,S002,Electronics,6081.322499999999
2024-06-09,S002,Electronics,5683.0819999999985
2024-06-16,S002,Electronics,20094.398
2024-06-23,S002,Electronics,7929.811
2024-06-30,S002,Electronics,16398.3875
2024-07-07,S002,Electronics,6242.2699999999995
2024-07-14,S002,Electronics,9993.8825
2024-07-21,S002,Electronics,14173.3
2024-07-28,S002,Electronics,9383.175
2024-08-04,S002,Electronics,8412.314499999999
2024-08-11,S002,Electronics,8171.121999999999
2024-08-18,S002,Electronics,1389.7585
2024-08-25,S002,Electronics,16971.4805
2024-09-01,S002,Electronics,2268.8279999999995
2024-09-08,S002,Electronics,4452.925499999999
2024-09-15,S002,Electronics,5088.92
2024-09-22,S002,Electronics,13203.1035
2024-09-29,S002,Electronics,23392.865
2024-10-06,S002,Electronics,20284.9365
2024-10-13,S002,Electronics,7170.485999999999
2024-10-20,S002,Electronics,15949.082
2024-10-27,S002,Electronics,4108.801
2024-11-03,S002,Electronics,7843.2075
2024-11-10,S002,Electronics,9842.101999999999
2024-11-17,S002,Electronics,15599.411000000002
2024-11-24,S002,Electronics,10197.234499999999
2024-12-01,S002,Electronics,26133.7915
2024-12-08,S002,Electronics,9582.403
2024-12-15,S002,Electronics,18454.1315
2024-12-22,S002,Electronics,17342.193
2024-12-29,S002,Electronics,6574.493
2025-01-05,S002,Electronics,16691.8995
2025-01-12,S002,Electronics,7270.275
2025-01-19,S002,Electronics,33004.622
2025-01-26,S002,Electronics,12175.936
2025-02-02,S002,Electronics,3052.8089999999997
2025-02-16,S002,Electronics,8728.6315
2025-02-23,S002,Electronics,4494.657
2025-03-02,S002,Electronics,6538.312
2025-03-09,S002,Electronics,39332.2915
2025-03-23,S002,Electronics,12782.601499999999
2025-03-30,S002,Electronics,5314.701499999999
2025-04-06,S002,Electronics,22621.985999999997
2025-04-13,S002,Electronics,12927.85
2025-04-20,S002,Electronics,1487.41
2025-04-27,S002,Electronics,2656.131
2025-05-04,S002,Electronics,20673.3395
2025-05-11,S002,Electronics,1121.499
2025-05-18,S002,Electronics,9830.5445
2025-05-25,S002,Electronics,8553.489
2025-06-01,S002,Electronics,13977.613500000001
2025-06-08,S002,Electronics,3400.3064999999992
2025-06-15,S002,Electronics,11281.8675
2025-06-22,S002,Electronics,9322.071
2025-06-29,S002,Electronics,23006.3715
2025-07-06,S002,Electronics,16246.251
2025-07-13,S002,Electronics,1280.1819999999998
2025-07-20,S002,Electronics,10476.7225
2025-07-27,S002,Electronics,4978.244
2025-08-03,S002,Electronics,2162.791
2025-08-10,S002,Electronics,12357.1875
2025-08-17,S002,Electronics,9191.943
2025-08-24,S002,Electronics,3514.7700000000004
2025-08-31,S002,Electronics,9107.547999999999
2025-09-07,S002,Electronics,9441.767
2025-09-14,S002,Electronics,6978.0265
2023-09-17,S002,Fashion,5473.62
2023-09-24,S002,Fashion,16323.746
2023-10-01,S002,Fashion,13390.693
2023-10-08,S002,Fashion,9262.3485
2023-10-15,S002,Fashion,21878.1825
2023-10-22,S002,Fashion,10377.776
2023-10-29,S002,Fashion,11931.422
2023-11-05,S002,Fashion,8657.378
2023-11-12,S002,Fashion,9125.91
2023-11-19,S002,Fashion,15047.9345
2023-11-26,S002,Fashion,4772.316
2023-12-03,S002,Fashion,8065.145
2023-12-10,S002,Fashion,12534.866
2023-12-17,S002,Fashion,12684.440999999999
2023-12-24,S002,Fashion,3507.0275
2023-12-31,S002,Fashion,2865.14
2024-01-07,S002,Fashion,13561.465
2024-01-14,S002,Fashion,12460.16
2024-01-21,S002,Fashion,27594.3705
2024-01-28,S002,Fashion,11519.926
2024-02-04,S002,Fashion,28110.219
2024-02-11,S002,Fashion,10699.5175
2024-02-18,S002,Fashion,6751.392
2024-02-25,S002,Fashion,20128.464
2024-03-03,S002,Fashion,12618.877499999999
2024-03-10,S002,Fashion,12071.835
2024-03-17,S002,Fashion,1559.4525
2024-03-24,S002,Fashion,12048.0775
2024-03-31,S002,Fashion,18623.0605
2024-04-07,S002,Fashion,6390.013500000001
2024-04-14,S002,Fashion,10985.233
2024-04-21,S002,Fashion,5396.91
2024-04-28,S002,Fashion,20345.9665
2024-05-05,S002,Fashion,6515.7615
2024-05-12,S002,Fashion,3589.3770000000004
2024-05-19,S002,Fashion,1891.4969999999998
2024-05-26,S002,Fashion,7114.4105
2024-06-02,S002,Fashion,19756.4355
2024-06-09,S002,Fashion,20164.5865
2024-06-16,S002,Fashion,21092.376
2024-06-23,S002,Fashion,13773.375
2024-06-30,S002,Fashion,22219.889
2024-07-07,S002,Fashion,10470.961500000001
2024-07-14,S002,Fashion,1224.7740000000001
2024-07-21,S002,Fashion,2328.7445
2024-07-28,S002,Fashion,10463.353
2024-08-04,S002,Fashion,8714.837
2024-08-11,S002,Fashion,15249.6775
2024-08-18,S002,Fashion,15745.484999999999
2024-08-25,S002,Fashion,1435.0679999999998
2024-09-01,S002,Fashion,12029.188
2024-09-08,S002,Fashion,14865.84
2024-09-15,S002,Fashion,10579.403999999999
2024-09-22,S002,Fashion,18392.8465
2024-09-29,S002,Fashion,7193.873
2024-10-06,S002,Fashion,22343.957
2024-10-13,S002,Fashion,7441.695000000001
2024-10-27,S002,Fashion,16294.605
2024-11-03,S002,Fashion,17839.4705
2024-11-10,S002,Fashion,20163.446
2024-11-17,S002,Fashion,4488.919
2024-11-24,S002,Fashion,992.408
2024-12-01,S002,Fashion,7422.165
2024-12-08,S002,Fashion,17177.405
2024-12-15,S002,Fashion,17575.279
2024-12-22,S002,Fashion,3489.1200000000003
2024-12-29,S002,Fashion,31341.213
2025-01-05,S002,Fashion,9124.435500000001
2025-01-12,S002,Fashion,15894.0725
2025-01-19,S002,Fashion,15871.13
2025-01-26,S002,Fashion,8140.388
2025-02-02,S002,Fashion,3259.9534999999996
2025-02-09,S002,Fashion,17337.514
2025-02-16,S002,Fashion,18179.4565
2025-02-23,S002,Fashion,12429.1875
2025-03-02,S002,Fashion,13196.054499999998
2025-03-09,S002,Fashion,6132.686
2025-03-16,S002,Fashion,11139.2485
2025-03-23,S002,Fashion,26.316
2025-03-30,S002,Fashion,20671.54
2025-04-06,S002,Fashion,15345.198
2025-04-13,S002,Fashion,14665.76
2025-04-20,S002,Fashion,25415.1805
2025-04-27,S002,Fashion,15947.9115
2025-05-04,S002,Fashion,4044.673
2025-05-11,S002,Fashion,2336.174
2025-05-18,S002,Fashion,8293.107
2025-05-25,S002,Fashion,5128.639499999999
2025-06-01,S002,Fashion,18907.0925
2025-06-08,S002,Fashion,6282.9445000000005
2025-06-15,S002,Fashion,8604.2235
2025-06-22,S002,Fashion,19852.5465
2025-06-29,S002,Fashion,13435.685
2025-07-06,S002,Fashion,17511.247
2025-07-13,S002,Fashion,10796.6445
2025-07-20,S002,Fashion,5411.534
2025-07-27,S002,Fashion,3570.0595
2025-08-03,S002,Fashion,4261.882
2025-08-10,S002,Fashion,44512.417
2025-08-17,S002,Fashion,6415.88
2025-08-24,S002,Fashion,13739.934
2025-08-31,S002,Fashion,19052.6355
2025-09-07,S002,Fashion,17431.3865
2025-09-14,S002,Fashion,13201.2235
2023-09-17,S002,Groceries,123.19
2023-09-24,S002,Groceries,145.749
2023-10-08,S002,Groceries,986.148
2023-10-15,S002,Groceries,5522.58
2023-11-05,S002,Groceries,4690.42
2023-11-12,S002,Groceries,2384.257
2023-11-19,S002,Groceries,1154.025
2023-11-26,S002,Groceries,5520.5845
2023-12-03,S002,Groceries,2361.5564999999997
2023-12-10,S002,Groceries,636.1
2023-12-24,S002,Groceries,3885.2054999999996
2024-01-07,S002,Groceries,5512.335999999999
2024-01-28,S002,Groceries,415.216
2024-02-04,S002,Groceries,332.613
2024-02-11,S002,Groceries,572.49
2024-02-18,S002,Groceries,48.583
2024-02-25,S002,Groceries,3068.325
2024-03-10,S002,Groceries,1844.8830000000003
2024-03-17,S002,Groceries,5231.110000000001
2024-03-24,S002,Groceries,5971.674000000001
2024-04-07,S002,Groceries,11637.96
2024-04-14,S002,Groceries,2362.587
2024-04-21,S002,Groceries,9789.026
2024-04-28,S002,Groceries,7973.716
2024-05-05,S002,Groceries,9367.821
2024-05-12,S002,Groceries,6328.1085
2024-05-19,S002,Groceries,2819.025
2024-06-02,S002,Groceries,10593.9435
2024-06-16,S002,Groceries,2273.5175
2024-06-30,S002,Groceries,2233.2995
2024-07-07,S002,Groceries,3479.7064999999993
2024-07-14,S002,Groceries,1828.368
2024-08-04,S002,Groceries,1533.7504999999999
2024-08-11,S002,Groceries,7111.290000000001
2024-08-18,S002,Groceries,5215.7699999999995
2024-08-25,S002,Groceries,7546.08
2024-09-01,S002,Groceries,3374.91
2024-09-08,S002,Groceries,6454.25
2024-09-15,S002,Groceries,5911.545
2024-09-22,S002,Groceries,9391.8345
2024-09-29,S002,Groceries,615.95
2024-10-06,S002,Groceries,1351.7124999999999
2024-10-13,S002,Groceries,5705.132
2024-10-20,S002,Groceries,1349.9265
2024-11-03,S002,Groceries,274.239
2024-11-10,S002,Groceries,4168.1759999999995
2024-11-24,S002,Groceries,2209.032
2024-12-01,S002,Groceries,1056.7930000000001
2024-12-08,S002,Groceries,1321.12
2024-12-15,S002,Groceries,3834.87
2024-12-22,S002,Groceries,5522.58
2024-12-29,S002,Groceries,2038.7985
2025-01-05,S002,Groceries,591.622
2025-01-12,S002,Groceries,863.396
2025-01-19,S002,Groceries,3885.2054999999996
2025-01-26,S002,Groceries,677.5450000000001
2025-02-02,S002,Groceries,1096.956
2025-02-09,S002,Groceries,9022.795999999998
2025-02-23,S002,Groceries,7050.933
2025-03-02,S002,Groceries,8816.0895
2025-03-16,S002,Groceries,585.1525
2025-03-23,S002,Groceries,5952.6044999999995
2025-03-30,S002,Groceries,3385.04
2025-04-13,S002,Groceries,14261.506
2025-04-20,S002,Groceries,4649.616
2025-04-27,S002,Groceries,6690.555
2025-05-04,S002,Groceries,313.794
2025-05-18,S002,Groceries,2295.9700000000003
2025-05-25,S002,Groceries,2937.268
2025-06-01,S002,Groceries,9395.4
2025-06-08,S002,Groceries,2759.19
2025-06-15,S002,Groceries,3860.6440000000002
2025-06-22,S002,Groceries,3936.699
2025-06-29,S002,Groceries,8815.432499999999
2025-07-06,S002,Groceries,840.6
2025-07-13,S002,Groceries,104.7115
2025-07-27,S002,Groceries,7732.544
2025-08-03,S002,Groceries,3344.544
2025-08-10,S002,Groceries,121.4575
2025-08-24,S002,Groceries,25.57
2025-09-14,S002,Groceries,72.8745
2023-09-17,S003,Electronics,8305.123
2023-09-24,S003,Electronics,9170.3
2023-10-01,S003,Electronics,4561.7235
2023-10-08,S003,Electronics,9367.626
2023-10-15,S003,Electronics,13063.326500000001
2023-10-22,S003,Electronics,8968.362
2023-10-29,S003,Electronics,34298.1615
2023-11-05,S003,Electronics,4354.0875
2023-11-12,S003,Electronics,22435.0475
2023-11-19,S003,Electronics,24578.7015
2023-11-26,S003,Electronics,5949.64
2023-12-03,S003,Electronics,9372.3315
2023-12-10,S003,Electronics,2445.273
2023-12-17,S003,Electronics,6431.826999999999
2023-12-24,S003,Electronics,6098.361999999999
2023-12-31,S003,Electronics,13863.246000000001
2024-01-07,S003,Electronics,3710.035
2024-01-14,S003,Electronics,26760.062499999996
2024-01-21,S003,Electronics,3271.7335000000003
2024-01-28,S003,Electronics,12430.553999999998
2024-02-04,S003,Electronics,10727.536
2024-02-11,S003,Electronics,248.57
2024-02-18,S003,Electronics,8823.75
2024-02-25,S003,Electronics,8175.05
2024-03-03,S003,Electronics,8373.87
2024-03-10,S003,Electronics,770.49
2024-03-17,S003,Electronics,2164.5085
2024-03-24,S003,Electronics,14820.078000000001
2024-04-07,S003,Electronics,11618.7795
2024-04-14,S003,Electronics,2394.36
2024-04-21,S003,Electronics,28428.5665
2024-04-28,S003,Electronics,1014.1264999999999
2024-05-12,S003,Electronics,14133.178
2024-05-19,S003,Electronics,6841.512500000001
2024-05-26,S003,Electronics,21155.7565
2024-06-02,S003,Electronics,16601.7585
2024-06-09,S003,Electronics,5021.567
2024-06-16,S003,Electronics,30092.537
2024-06-23,S003,Electronics,6466.901999999999
2024-06-30,S003,Electronics,12668.4895
2024-07-07,S003,Electronics,5699.1565
2024-07-14,S003,Electronics,17759.04
2024-07-21,S003,Electronics,3238.0564999999997
2024-07-28,S003,Electronics,4533.741999999999
2024-08-04,S003,Electronics,17665.922
2024-08-18,S003,Electronics,15837.3505
2024-08-25,S003,Electronics,2388.24
2024-09-01,S003,Electronics,18424.881
2024-09-08,S003,Electronics,11908.356999999998
2024-09-15,S003,Electronics,7984.557999999999
2024-09-22,S003,Electronics,14443.5275
2024-09-29,S003,Electronics,7652.772
2024-10-06,S003,Electronics,9888.0155
2024-10-13,S003,Electronics,21565.1625
2024-10-20,S003,Electronics,19372.9365
2024-10-27,S003,Electronics,25895.755500000003
2024-11-03,S003,Electronics,8054.947999999999
2024-11-10,S003,Electronics,6828.839999999999
2024-11-17,S003,Electronics,385.245
2024-11-24,S003,Electronics,9705.096
2024-12-01,S003,Electronics,17255.682
2024-12-08,S003,Electronics,19525.4965
2024-12-15,S003,Electronics,9702.612000000001
2024-12-22,S003,Electronics,9906.002
2024-12-29,S003,Electronics,16262.198
2025-01-05,S003,Electronics,19948.594
2025-01-12,S003,Electronics,13769.356499999998
2025-01-19,S003,Electronics,14116.959000000003
2025-01-26,S003,Electronics,18395.6675
2025-02-02,S003,Electronics,22610.002500000002
2025-02-09,S003,Electronics,27417.6765
2025-02-16,S003,Electronics,6273.918
2025-02-23,S003,Electronics,6213.038
2025-03-02,S003,Electronics,17913.930500000002
2025-03-09,S003,Electronics,5057.194
2025-03-16,S003,Electronics,6386.3279999999995
2025-03-23,S003,Electronics,10401.632500000002
2025-03-30,S003,Electronics,3979.0080000000003
2025-04-06,S003,Electronics,10158.065999999999
2025-04-13,S003,Electronics,17775.8685
2025-04-20,S003,Electronics,5690.546
2025-04-27,S003,Electronics,26348.1315
2025-05-04,S003,Electronics,8502.113500000001
2025-05-11,S003,Electronics,15048.6055
2025-05-18,S003,Electronics,19388.232500000002
2025-05-25,S003,Electronics,24139.201999999997
2025-06-01,S003,Electronics,7772.4455
2025-06-08,S003,Electronics,8744.019
2025-06-15,S003,Electronics,13559.311
2025-06-22,S003,Electronics,3582.8640000000005
2025-06-29,S003,Electronics,37247.078499999996
2025-07-06,S003,Electronics,13859.0375
2025-07-13,S003,Electronics,7047.612
2025-07-20,S003,Electronics,1014.1264999999999
2025-07-27,S003,Electronics,4267.9095
2025-08-03,S003,Electronics,18412.0735
2025-08-10,S003,Electronics,12618.3995
2025-08-17,S003,Electronics,4889.4349999999995
2025-08-24,S003,Electronics,5600.4349999999995
2025-08-31,S003,Electronics,15981.486999999997
2025-09-07,S003,Electronics,13097.404
2025-09-14,S003,Electronics,6797.137999999999
2023-09-17,S003,Fashion,7365.0825
2023-09-24,S003,Fashion,17779.608
2023-10-01,S003,Fashion,14682.142999999998
2023-10-08,S003,Fashion,18928.432
2023-10-15,S003,Fashion,2596.4429999999998
2023-10-22,S003,Fashion,13048.022500000001
2023-10-29,S003,Fashion,4444.419499999999
2023-11-05,S003,Fashion,2210.7200000000003
2023-11-12,S003,Fashion,9491.978
2023-11-19,S003,Fashion,21592.9375
2023-11-26,S003,Fashion,22913.516499999998
2023-12-03,S003,Fashion,10302.832
2023-12-10,S003,Fashion,18965.048
2023-12-17,S003,Fashion,26838.489999999998
2023-12-24,S003,Fashion,9594.2815
2023-12-31,S003,Fashion,20410.037500000002
2024-01-07,S003,Fashion,18101.814
2024-01-14,S003,Fashion,11786.6055
2024-01-21,S003,Fashion,11037.0615
2024-01-28,S003,Fashion,14930.668000000001
2024-02-04,S003,Fashion,22473.8865
2024-02-11,S003,Fashion,5674.0
2024-02-18,S003,Fashion,32416.251
2024-02-25,S003,Fashion,7163.04
2024-03-03,S003,Fashion,19366.2055
2024-03-10,S003,Fashion,12963.295999999998
2024-03-17,S003,Fashion,4892.3150000000005
2024-03-24,S003,Fashion,19491.172
2024-03-31,S003,Fashion,16898.246
2024-04-07,S003,Fashion,22958.637
2024-04-14,S003,Fashion,20179.368
2024-04-21,S003,Fashion,7471.63
2024-04-28,S003,Fashion,486.81
2024-05-05,S003,Fashion,17494.847999999998
2024-05-12,S003,Fashion,10802.7735
2024-05-19,S003,Fashion,14483.409
2024-05-26,S003,Fashion,4231.27
2024-06-02,S003,Fashion,9791.936999999998
2024-06-09,S003,Fashion,23656.133
2024-06-16,S003,Fashion,1705.961
2024-06-23,S003,Fashion,29051.252500000002
2024-06-30,S003,Fashion,10443.197
2024-07-07,S003,Fashion,3061.1895
2024-07-14,S003,Fashion,12990.136999999999
2024-07-21,S003,Fashion,8415.361499999999
2024-07-28,S003,Fashion,16132.983
2024-08-04,S003,Fashion,25964.111
2024-08-11,S003,Fashion,9757.035
2024-08-18,S003,Fashion,6531.341
2024-08-25,S003,Fashion,940.4660000000001
2024-09-01,S003,Fashion,10782.8685
2024-09-08,S003,Fashion,9016.5605
2024-09-15,S003,Fashion,11872.432499999999
2024-09-22,S003,Fashion,3556.1479999999997
2024-09-29,S003,Fashion,1411.3519999999999
2024-10-06,S003,Fashion,11552.318
2024-10-13,S003,Fashion,21939.038
2024-10-20,S003,Fashion,7488.072499999999
2024-10-27,S003,Fashion,8062.003999999999
2024-11-03,S003,Fashion,7603.598
2024-11-10,S003,Fashion,6698.275
2024-11-17,S003,Fashion,16109.7745
2024-12-01,S003,Fashion,7823.736
2024-12-08,S003,Fashion,6005.84
2024-12-15,S003,Fashion,8407.239999999998
2024-12-22,S003,Fashion,13558.6345
2024-12-29,S003,Fashion,18863.896999999997
2025-01-05,S003,Fashion,10035.54
2025-01-12,S003,Fashion,8427.9045
2025-01-19,S003,Fashion,10368.2295
2025-01-26,S003,Fashion,17718.7535
2025-02-02,S003,Fashion,1878.7359999999999
2025-02-09,S003,Fashion,12016.282
2025-02-16,S003,Fashion,7065.5824999999995
2025-02-23,S003,Fashion,11773.08
2025-03-02,S003,Fashion,9625.213
2025-03-09,S003,Fashion,8448.145
2025-03-16,S003,Fashion,13922.672499999999
2025-03-23,S003,Fashion,3958.6164999999996
2025-03-30,S003,Fashion,10509.2545
2025-04-06,S003,Fashion,10039.571
2025-04-13,S003,Fashion,15143.4665
2025-04-20,S003,Fashion,8231.978
2025-04-27,S003,Fashion,13757.1855
2025-05-04,S003,Fashion,6624.779
2025-05-11,S003,Fashion,32071.013
2025-05-18,S003,Fashion,17529.603499999997
2025-05-25,S003,Fashion,8566.534499999998
2025-06-01,S003,Fashion,16822.7495
2025-06-08,S003,Fashion,15914.822
2025-06-15,S003,Fashion,17946.895
2025-06-22,S003,Fashion,15113.872
2025-06-29,S003,Fashion,38457.9615
2025-07-06,S003,Fashion,28555.6495
2025-07-13,S003,Fashion,9722.7575
2025-07-20,S003,Fashion,3120.4759999999997
2025-07-27,S003,Fashion,20146.905
2025-08-03,S003,Fashion,9211.312999999998
2025-08-17,S003,Fashion,11923.9405
2025-08-24,S003,Fashion,16318.117999999999
2025-08-31,S003,Fashion,14813.677499999998
2025-09-14,S003,Fashion,9126.42
2023-09-17,S003,Groceries,9355.6125
2023-09-24,S003,Groceries,4616.1669999999995
2023-10-08,S003,Groceries,2411.2019999999998
2023-10-15,S003,Groceries,4930.740000000001
2023-10-22,S003,Groceries,986.148
2023-10-29,S003,Groceries,554.355
2023-11-05,S003,Groceries,3522.623
2023-11-12,S003,Groceries,9362.3025
2023-11-19,S003,Groceries,72.8745
2023-11-26,S003,Groceries,4418.064
2023-12-03,S003,Groceries,2081.868
2023-12-10,S003,Groceries,1929.944
2023-12-17,S003,Groceries,209.423
2023-12-24,S003,Groceries,572.49
2023-12-31,S003,Groceries,13450.4415
2024-01-28,S003,Groceries,6082.895
2024-02-04,S003,Groceries,7788.505999999999
2024-02-11,S003,Groceries,9108.585
2024-02-25,S003,Groceries,12539.830499999998
2024-03-03,S003,Groceries,1919.122
2024-03-17,S003,Groceries,4548.6939999999995
2024-03-24,S003,Groceries,1586.3345
2024-03-31,S003,Groceries,7033.9625
2024-04-07,S003,Groceries,9874.048
2024-04-21,S003,Groceries,1828.368
2024-04-28,S003,Groceries,1035.309
2024-05-05,S003,Groceries,418.846
2024-05-12,S003,Groceries,5277.5445
2024-05-26,S003,Groceries,5322.3005
2024-06-02,S003,Groceries,548.478
2024-06-09,S003,Groceries,1405.5839999999998
2024-06-23,S003,Groceries,10445.208999999999
2024-06-30,S003,Groceries,585.1525
2024-07-07,S003,Groceries,15939.4375
2024-07-14,S003,Groceries,2209.032
2024-07-21,S003,Groceries,51.14
2024-07-28,S003,Groceries,518.007
2024-08-04,S003,Groceries,3129.462
2024-08-11,S003,Groceries,5478.6
2024-08-25,S003,Groceries,2191.44
2024-09-01,S003,Groceries,2750.384
2024-09-08,S003,Groceries,1081.3700000000001
2024-09-15,S003,Groceries,5137.258
2024-09-22,S003,Groceries,2031.52
2024-09-29,S003,Groceries,9601.194
2024-10-06,S003,Groceries,2173.562
2024-10-13,S003,Groceries,4063.04
2024-10-20,S003,Groceries,8719.85
2024-10-27,S003,Groceries,2437.3995
2024-11-03,S003,Groceries,3605.4179999999997
2024-11-10,S003,Groceries,1972.296
2024-11-17,S003,Groceries,102.28
2024-11-24,S003,Groceries,12803.94
2024-12-01,S003,Groceries,3287.16
2024-12-08,S003,Groceries,7964.514
2024-12-15,S003,Groceries,11359.036
2024-12-22,S003,Groceries,2872.2799999999997
2024-12-29,S003,Groceries,4656.81
2025-01-12,S003,Groceries,4814.598
2025-01-26,S003,Groceries,102.28
2025-02-02,S003,Groceries,7367.052
2025-02-09,S003,Groceries,1833.3954999999999
2025-03-09,S003,Groceries,9945.98
2025-03-16,S003,Groceries,1671.423
2025-03-23,S003,Groceries,11093.279999999999
2025-03-30,S003,Groceries,1597.2179999999998
2025-04-06,S003,Groceries,5522.58
2025-04-13,S003,Groceries,18012.415
2025-04-20,S003,Groceries,14399.122
2025-04-27,S003,Groceries,1691.172
2025-05-04,S003,Groceries,1040.934
2025-05-11,S003,Groceries,1691.172
2025-05-18,S003,Groceries,1104.516
2025-06-01,S003,Groceries,1218.91
2025-06-08,S003,Groceries,11565.0255
2025-06-15,S003,Groceries,811.0275
2025-06-22,S003,Groceries,1684.156
2025-06-29,S003,Groceries,10334.939999999999
2025-07-06,S003,Groceries,2031.52
2025-07-13,S003,Groceries,2259.6275
2025-07-20,S003,Groceries,24.2915
2025-07-27,S003,Groceries,1590.25
2025-08-03,S003,Groceries,1399.7289999999998
2025-08-10,S003,Groceries,1015.76
2025-08-24,S003,Groceries,9276.7215
2025-08-31,S003,Groceries,3469.33
2025-09-07,S003,Groceries,3425.813
2023-09-17,S004,Electronics,13396.912499999999
2023-09-24,S004,Electronics,7420.07
2023-10-01,S004,Electronics,11848.5635
2023-10-08,S004,Electronics,12327.732999999998
2023-10-15,S004,Electronics,12428.73
2023-10-22,S004,Electronics,6607.698
2023-10-29,S004,Electronics,8528.43
2023-11-05,S004,Electronics,10403.093499999999
2023-11-12,S004,Electronics,2740.79
2023-11-19,S004,Electronics,24701.2715
2023-11-26,S004,Electronics,13828.521
2023-12-03,S004,Electronics,3784.2750000000005
2023-12-10,S004,Electronics,19518.353
2023-12-17,S004,Electronics,9484.1595
2023-12-24,S004,Electronics,16331.004500000001
2023-12-31,S004,Electronics,15859.108499999998
2024-01-07,S004,Electronics,5981.238
2024-01-14,S004,Electronics,40226.388
2024-01-21,S004,Electronics,13450.3395
2024-01-28,S004,Electronics,9555.0165
2024-02-04,S004,Electronics,15886.896
2024-02-11,S004,Electronics,3899.86
2024-02-18,S004,Electronics,1674.774
2024-02-25,S004,Electronics,28625.0125
2024-03-03,S004,Electronics,1498.482
2024-03-10,S004,Electronics,11320.3525
2024-03-17,S004,Electronics,10946.812
2024-03-24,S004,Electronics,1658.3294999999998
2024-03-31,S004,Electronics,10679.044999999998
2024-04-07,S004,Electronics,22870.035499999998
2024-04-14,S004,Electronics,11360.164
2024-04-21,S004,Electronics,3576.3159999999993
2024-04-28,S004,Electronics,4070.4120000000003
2024-05-05,S004,Electronics,11127.5485
2024-05-12,S004,Electronics,15214.686999999998
2024-05-26,S004,Electronics,14878.657
2024-06-02,S004,Electronics,7421.136
2024-06-09,S004,Electronics,6459.967
2024-06-16,S004,Electronics,3435.021
2024-06-23,S004,Electronics,13064.682999999999
2024-06-30,S004,Electronics,9081.078
2024-07-07,S004,Electronics,13988.037499999999
2024-07-14,S004,Electronics,16472.698
2024-07-21,S004,Electronics,24794.025999999998
2024-07-28,S004,Electronics,19988.954
2024-08-04,S004,Electronics,4896.76
2024-08-11,S004,Electronics,12988.134
2024-08-18,S004,Electronics,9463.476499999999
2024-08-25,S004,Electronics,15778.693500000001
2024-09-01,S004,Electronics,4256.714
2024-09-08,S004,Electronics,16370.7755
2024-09-15,S004,Electronics,5010.609
2024-09-22,S004,Electronics,25142.701
2024-09-29,S004,Electronics,4915.0055
2024-10-06,S004,Electronics,11371.402999999998
2024-10-13,S004,Electronics,23190.871
2024-10-20,S004,Electronics,6345.353999999999
2024-10-27,S004,Electronics,22083.0375
2024-11-03,S004,Electronics,19967.503999999997
2024-11-10,S004,Electronics,18042.9375
2024-11-17,S004,Electronics,3980.124
2024-11-24,S004,Electronics,22676.552
2024-12-01,S004,Electronics,10686.190499999999
2024-12-08,S004,Electronics,23533.6845
2024-12-15,S004,Electronics,15011.31
2024-12-22,S004,Electronics,25235.982
2024-12-29,S004,Electronics,8523.512
2025-01-05,S004,Electronics,7968.208999999999
2025-01-12,S004,Electronics,33492.769
2025-01-26,S004,Electronics,5099.6235
2025-02-02,S004,Electronics,4645.323
2025-02-16,S004,Electronics,7724.577499999999
2025-02-23,S004,Electronics,16497.58
2025-03-02,S004,Electronics,15097.211500000001
2025-03-09,S004,Electronics,6522.409
2025-03-16,S004,Electronics,13035.305
2025-03-23,S004,Electronics,9029.5655
2025-03-30,S004,Electronics,5766.3915
2025-04-06,S004,Electronics,19728.23
2025-04-13,S004,Electronics,4786.062
2025-04-20,S004,Electronics,9787.3825
2025-04-27,S004,Electronics,21466.640499999998
2025-05-04,S004,Electronics,21399.7735
2025-05-11,S004,Electronics,7116.4225
2025-05-18,S004,Electronics,10029.3295
2025-05-25,S004,Electronics,23739.678
2025-06-01,S004,Electronics,13510.59
2025-06-08,S004,Electronics,1025.8955
2025-06-15,S004,Electronics,18693.9775
2025-06-22,S004,Electronics,12772.403999999999
2025-06-29,S004,Electronics,3684.42
2025-07-06,S004,Electronics,20634.218
2025-07-13,S004,Electronics,17469.6455
2025-07-20,S004,Electronics,13625.713
2025-07-27,S004,Electronics,19870.293999999998
2025-08-03,S004,Electronics,9727.5125
2025-08-10,S004,Electronics,7844.003
2025-08-17,S004,Electronics,8798.711
2025-08-24,S004,Electronics,17224.528
2025-08-31,S004,Electronics,8255.821
2025-09-07,S004,Electronics,2162.791
2025-09-14,S004,Electronics,2967.537
2023-09-10,S004,Fashion,2077.703
2023-09-17,S004,Fashion,10867.079999999998
2023-09-24,S004,Fashion,13948.66
2023-10-01,S004,Fashion,9920.065999999999
2023-10-08,S004,Fashion,21236.076999999997
2023-10-15,S004,Fashion,5853.035
2023-10-22,S004,Fashion,4945.5135
2023-10-29,S004,Fashion,6792.4855
2023-11-05,S004,Fashion,7332.2119999999995
2023-11-12,S004,Fashion,8859.919
2023-11-19,S004,Fashion,15213.1155
2023-11-26,S004,Fashion,10016.873499999998
2023-12-03,S004,Fashion,13094.131
2023-12-10,S004,Fashion,10306.1
2023-12-17,S004,Fashion,11094.886
2023-12-24,S004,Fashion,6921.441999999999
2023-12-31,S004,Fashion,16977.37
2024-01-07,S004,Fashion,20154.737
2024-01-14,S004,Fashion,13733.9465
2024-01-21,S004,Fashion,9814.819
2024-01-28,S004,Fashion,29.24
2024-02-04,S004,Fashion,14785.581999999999
2024-02-11,S004,Fashion,25535.6105
2024-02-18,S004,Fashion,13962.865
2024-02-25,S004,Fashion,13226.466
2024-03-03,S004,Fashion,1633.0320000000002
2024-03-10,S004,Fashion,3663.5055
2024-03-17,S004,Fashion,7542.219999999999
2024-03-24,S004,Fashion,16172.305999999999
2024-03-31,S004,Fashion,6010.171
2024-04-07,S004,Fashion,15792.5875
2024-04-14,S004,Fashion,27197.715
2024-04-21,S004,Fashion,6058.535
2024-04-28,S004,Fashion,12694.7115
2024-05-05,S004,Fashion,1350.52
2024-05-12,S004,Fashion,11383.273999999998
2024-05-19,S004,Fashion,13719.820999999998
2024-05-26,S004,Fashion,21880.445499999998
2024-06-02,S004,Fashion,14212.803
2024-06-09,S004,Fashion,22514.597999999998
2024-06-16,S004,Fashion,22818.123
2024-06-23,S004,Fashion,17592.566
2024-06-30,S004,Fashion,16040.7925
2024-07-07,S004,Fashion,26312.928999999996
2024-07-14,S004,Fashion,6347.8925
2024-07-21,S004,Fashion,15670.898000000001
2024-07-28,S004,Fashion,17961.011
2024-08-04,S004,Fashion,16355.143
2024-08-11,S004,Fashion,9683.582999999999
2024-08-18,S004,Fashion,18269.466
2024-08-25,S004,Fashion,5036.942
2024-09-01,S004,Fashion,11440.336
2024-09-08,S004,Fashion,10146.044
2024-09-15,S004,Fashion,8199.271
2024-09-22,S004,Fashion,11545.16
2024-09-29,S004,Fashion,4118.9605
2024-10-06,S004,Fashion,12870.2815
2024-10-13,S004,Fashion,8922.6075
2024-10-20,S004,Fashion,5426.6475
2024-10-27,S004,Fashion,1775.8880000000001
2024-11-03,S004,Fashion,21982.5025
2024-11-10,S004,Fashion,3299.2754999999997
2024-11-17,S004,Fashion,14606.072
2024-11-24,S004,Fashion,18033.086000000003
2024-12-01,S004,Fashion,2789.719
2024-12-08,S004,Fashion,4675.415999999999
2024-12-15,S004,Fashion,1924.3325
2024-12-22,S004,Fashion,7659.6505
2024-12-29,S004,Fashion,4820.0625
2025-01-05,S004,Fashion,15593.4
2025-01-12,S004,Fashion,9121.273
2025-01-19,S004,Fashion,19361.057
2025-01-26,S004,Fashion,7487.746
2025-02-02,S004,Fashion,16903.071
2025-02-09,S004,Fashion,18785.377999999997
2025-02-16,S004,Fashion,27472.121000000003
2025-02-23,S004,Fashion,17731.171
2025-03-02,S004,Fashion,8434.7305
2025-03-09,S004,Fashion,12119.0
2025-03-16,S004,Fashion,641.497
2025-03-23,S004,Fashion,13681.738500000001
2025-03-30,S004,Fashion,18640.3625
2025-04-06,S004,Fashion,5594.165999999999
2025-04-13,S004,Fashion,14502.867999999999
2025-04-20,S004,Fashion,4971.5225
2025-04-27,S004,Fashion,11218.516
2025-05-04,S004,Fashion,15037.8865
2025-05-11,S004,Fashion,10343.837
2025-05-18,S004,Fashion,18766.8305
2025-05-25,S004,Fashion,5141.103
2025-06-01,S004,Fashion,14976.896499999999
2025-06-08,S004,Fashion,38700.6045
2025-06-15,S004,Fashion,4905.896999999999
2025-06-22,S004,Fashion,20108.1135
2025-06-29,S004,Fashion,8866.1875
2025-07-06,S004,Fashion,22486.399
2025-07-13,S004,Fashion,15951.713
2025-07-20,S004,Fashion,10969.612000000001
2025-07-27,S004,Fashion,16160.807
2025-08-03,S004,Fashion,16133.4405
2025-08-10,S004,Fashion,11569.345000000001
2025-08-17,S004,Fashion,9249.64
2025-08-31,S004,Fashion,23223.65
2025-09-07,S004,Fashion,4188.66
2023-10-08,S004,Groceries,4693.366
2023-10-22,S004,Groceries,4887.118
2023-10-29,S004,Groceries,2721.1215
2023-11-05,S004,Groceries,615.95
2023-11-12,S004,Groceries,5735.869
2023-11-19,S004,Groceries,2206.638
2023-11-26,S004,Groceries,6863.982
2023-12-10,S004,Groceries,931.362
2023-12-31,S004,Groceries,5645.7699999999995
2024-01-14,S004,Groceries,5239.325000000001
2024-01-21,S004,Groceries,289.4745
2024-01-28,S004,Groceries,2072.028
2024-02-04,S004,Groceries,5595.6305
2024-02-11,S004,Groceries,7140.503999999999
2024-02-18,S004,Groceries,964.972
2024-02-25,S004,Groceries,46.026
2024-03-10,S004,Groceries,5452.24
2024-03-17,S004,Groceries,1351.7124999999999
2024-03-24,S004,Groceries,2847.2634999999996
2024-03-31,S004,Groceries,1597.2179999999998
2024-04-07,S004,Groceries,548.478
2024-04-14,S004,Groceries,12456.73
2024-04-28,S004,Groceries,979.713
2024-05-05,S004,Groceries,3595.8219999999997
2024-05-12,S004,Groceries,2331.756
2024-06-09,S004,Groceries,11371.982999999998
2024-06-16,S004,Groceries,3490.7639999999997
2024-06-23,S004,Groceries,6500.864
2024-06-30,S004,Groceries,6565.2625
2024-07-07,S004,Groceries,810.81
2024-07-14,S004,Groceries,1069.6835
2024-07-21,S004,Groceries,121.4575
2024-07-28,S004,Groceries,7468.884
2024-08-04,S004,Groceries,7046.549999999999
2024-08-11,S004,Groceries,1036.014
2024-08-18,S004,Groceries,209.423
2024-08-25,S004,Groceries,5769.7765
2024-09-01,S004,Groceries,3129.462
2024-09-08,S004,Groceries,2453.2135
2024-09-15,S004,Groceries,5355.378
2024-09-22,S004,Groceries,6388.871999999999
2024-09-29,S004,Groceries,5032.1595
2024-10-06,S004,Groceries,5756.572499999999
2024-10-13,S004,Groceries,4570.92
2024-10-20,S004,Groceries,221.742
2024-11-03,S004,Groceries,9526.0175
2024-11-10,S004,Groceries,1252.577
2024-11-17,S004,Groceries,973.8000000000002
2024-11-24,S004,Groceries,6701.8345
2024-12-01,S004,Groceries,5640.202
2024-12-08,S004,Groceries,15209.7725
2024-12-15,S004,Groceries,4230.594499999999
2024-12-22,S004,Groceries,5829.389999999999
2024-12-29,S004,Groceries,4692.75
2025-01-05,S004,Groceries,572.49
2025-01-12,S004,Groceries,9278.81
2025-01-19,S004,Groceries,6026.46
2025-01-26,S004,Groceries,24584.358
2025-02-02,S004,Groceries,170.0405
2025-02-09,S004,Groceries,2794.086
2025-02-16,S004,Groceries,274.239
2025-03-09,S004,Groceries,234.06099999999998
2025-03-23,S004,Groceries,3023.6155
2025-04-06,S004,Groceries,4824.86
2025-04-13,S004,Groceries,2026.3214999999998
2025-04-20,S004,Groceries,1591.276
2025-04-27,S004,Groceries,13719.521999999999
2025-05-04,S004,Groceries,21.7345
2025-05-11,S004,Groceries,108.6725
2025-05-18,S004,Groceries,5637.24
2025-06-15,S004,Groceries,3122.8019999999997
2025-06-22,S004,Groceries,5614.200999999999
2025-06-29,S004,Groceries,286.245
2025-07-06,S004,Groceries,7406.487999999999
2025-07-13,S004,Groceries,1015.76
2025-07-20,S004,Groceries,12055.091999999999
2025-07-27,S004,Groceries,110.871
2025-08-03,S004,Groceries,9491.874
2025-08-17,S004,Groceries,51.14
2025-08-24,S004,Groceries,3194.4359999999997
2025-09-07,S004,Groceries,1157.898
2025-09-14,S004,Groceries,92.052
2023-09-10,S005,Electronics,8344.5155
2023-09-17,S005,Electronics,11644.49
2023-09-24,S005,Electronics,19815.326
2023-10-01,S005,Electronics,14736.9575
2023-10-08,S005,Electronics,7886.435
2023-10-15,S005,Electronics,8968.271499999999
2023-10-22,S005,Electronics,10582.01
2023-10-29,S005,Electronics,2863.5649999999996
2023-11-05,S005,Electronics,15874.765500000001
2023-11-12,S005,Electronics,16604.0675
2023-11-19,S005,Electronics,28214.045
2023-11-26,S005,Electronics,12981.904999999999
2023-12-03,S005,Electronics,13031.01
2023-12-10,S005,Electronics,23264.4365
2023-12-17,S005,Electronics,22944.3315
2023-12-24,S005,Electronics,14626.333
2023-12-31,S005,Electronics,27101.18
2024-01-07,S005,Electronics,12834.173499999999
2024-01-14,S005,Electronics,6100.7565
2024-01-21,S005,Electronics,11173.355
2024-01-28,S005,Electronics,21586.2745
2024-02-04,S005,Electronics,7833.4439999999995
2024-02-11,S005,Electronics,4025.0395
2024-02-18,S005,Electronics,24452.656
2024-02-25,S005,Electronics,3241.8424999999997
2024-03-03,S005,Electronics,24174.478
2024-03-10,S005,Electronics,11595.8635
2024-03-17,S005,Electronics,20878.7915
2024-03-24,S005,Electronics,17979.251500000002
2024-03-31,S005,Electronics,10018.600999999999
2024-04-07,S005,Electronics,14591.4395
2024-04-14,S005,Electronics,6919.879000000001
2024-04-21,S005,Electronics,8488.27
2024-05-05,S005,Electronics,10171.738
2024-05-12,S005,Electronics,10282.934000000001
2024-05-19,S005,Electronics,9086.939999999999
2024-05-26,S005,Electronics,16447.8875
2024-06-02,S005,Electronics,23507.752
2024-06-09,S005,Electronics,7357.545
2024-06-16,S005,Electronics,13389.52
2024-06-23,S005,Electronics,5868.882
2024-06-30,S005,Electronics,5066.112
2024-07-07,S005,Electronics,6053.096
2024-07-14,S005,Electronics,20001.955
2024-07-21,S005,Electronics,5929.06
2024-07-28,S005,Electronics,9186.867
2024-08-04,S005,Electronics,7944.4525
2024-08-11,S005,Electronics,7226.901
2024-08-18,S005,Electronics,3438.1889999999994
2024-08-25,S005,Electronics,12204.1415
2024-09-01,S005,Electronics,3479.73
2024-09-08,S005,Electronics,6639.01
2024-09-15,S005,Electronics,7201.6084999999985
2024-09-22,S005,Electronics,4404.831499999999
2024-09-29,S005,Electronics,4267.9095
2024-10-06,S005,Electronics,11054.1525
2024-10-13,S005,Electronics,18308.887
2024-10-20,S005,Electronics,22060.462
2024-10-27,S005,Electronics,4537.655999999999
2024-11-03,S005,Electronics,14450.394999999999
2024-11-10,S005,Electronics,16076.092499999999
2024-11-17,S005,Electronics,3111.288
2024-11-24,S005,Electronics,26670.0905
2024-12-01,S005,Electronics,4070.4120000000003
2024-12-08,S005,Electronics,12217.987000000001
2024-12-15,S005,Electronics,18596.5925
2024-12-22,S005,Electronics,10802.8155
2024-12-29,S005,Electronics,12389.898000000001
2025-01-05,S005,Electronics,9811.6315
2025-01-12,S005,Electronics,24272.028
2025-01-19,S005,Electronics,22920.9465
2025-01-26,S005,Electronics,19933.7075
2025-02-02,S005,Electronics,14915.58
2025-02-09,S005,Electronics,7473.2585
2025-02-16,S005,Electronics,5012.008
2025-02-23,S005,Electronics,10691.572500000002
2025-03-02,S005,Electronics,27449.1115
2025-03-09,S005,Electronics,695.946
2025-03-16,S005,Electronics,497.14
2025-03-23,S005,Electronics,23525.0535
2025-03-30,S005,Electronics,26075.3055
2025-04-06,S005,Electronics,14647.006
2025-04-13,S005,Electronics,29105.138
2025-04-20,S005,Electronics,5312.262
2025-04-27,S005,Electronics,10553.1045
2025-05-04,S005,Electronics,11501.440999999999
2025-05-11,S005,Electronics,10861.54
2025-05-18,S005,Electronics,7710.911999999999
2025-05-25,S005,Electronics,17837.95
2025-06-01,S005,Electronics,12231.8565
2025-06-08,S005,Electronics,6971.753499999999
2025-06-15,S005,Electronics,5056.6565
2025-06-22,S005,Electronics,12041.453000000001
2025-06-29,S005,Electronics,15343.347
2025-07-06,S005,Electronics,12190.194
2025-07-13,S005,Electronics,5321.0195
2025-07-20,S005,Electronics,9681.554999999998
2025-07-27,S005,Electronics,14883.299500000001
2025-08-03,S005,Electronics,22395.0935
2025-08-10,S005,Electronics,5725.035
2025-08-17,S005,Electronics,6897.503500000001
2025-08-24,S005,Electronics,13666.617
2025-08-31,S005,Electronics,10655.146
2025-09-07,S005,Electronics,9605.244999999999
2023-09-17,S005,Fashion,9779.249
2023-09-24,S005,Fashion,23456.673499999997
2023-10-01,S005,Fashion,22354.1665
2023-10-08,S005,Fashion,3953.2999999999997
2023-10-15,S005,Fashion,9846.416
2023-10-22,S005,Fashion,1783.1119999999999
2023-10-29,S005,Fashion,6028.2164999999995
2023-11-05,S005,Fashion,23873.9305
2023-11-12,S005,Fashion,6593.5825
2023-11-19,S005,Fashion,18301.0255
2023-11-26,S005,Fashion,1556.748
2023-12-03,S005,Fashion,5864.167
2023-12-10,S005,Fashion,1186.787
2023-12-17,S005,Fashion,18435.177499999998
2023-12-24,S005,Fashion,11364.4215
2023-12-31,S005,Fashion,12107.718499999999
2024-01-07,S005,Fashion,13330.020999999999
2024-01-14,S005,Fashion,22499.682
2024-01-21,S005,Fashion,8174.529
2024-01-28,S005,Fashion,660.0419999999999
2024-02-04,S005,Fashion,3948.3319999999994
2024-02-11,S005,Fashion,12449.140500000001
2024-02-18,S005,Fashion,17443.7775
2024-02-25,S005,Fashion,7378.753000000001
2024-03-03,S005,Fashion,11704.88
2024-03-10,S005,Fashion,15265.471
2024-03-17,S005,Fashion,9576.5615
2024-03-24,S005,Fashion,2218.538
2024-03-31,S005,Fashion,21974.944
2024-04-07,S005,Fashion,16673.523999999998
2024-04-14,S005,Fashion,16598.208
2024-04-21,S005,Fashion,24463.1175
2024-04-28,S005,Fashion,9034.503999999999
2024-05-05,S005,Fashion,9804.9285
2024-05-12,S005,Fashion,388.26
2024-05-19,S005,Fashion,7294.183
2024-05-26,S005,Fashion,11442.603
2024-06-02,S005,Fashion,3446.4465
2024-06-09,S005,Fashion,6449.051
2024-06-16,S005,Fashion,10464.758
2024-06-23,S005,Fashion,11226.076000000001
2024-06-30,S005,Fashion,18233.4385
2024-07-07,S005,Fashion,17914.661500000002
2024-07-14,S005,Fashion,24173.834
2024-07-21,S005,Fashion,9312.552
2024-07-28,S005,Fashion,7018.474999999999
2024-08-04,S005,Fashion,4520.1269999999995
2024-08-11,S005,Fashion,1023.5100000000001
2024-08-18,S005,Fashion,7575.373
2024-08-25,S005,Fashion,7191.530000000001
2024-09-01,S005,Fashion,7223.361
2024-09-08,S005,Fashion,6860.7065
2024-09-15,S005,Fashion,13125.229500000001
2024-09-22,S005,Fashion,17144.1765
2024-09-29,S005,Fashion,22523.8645
2024-10-06,S005,Fashion,21806.493
2024-10-13,S005,Fashion,10556.956
2024-10-20,S005,Fashion,18048.439
2024-10-27,S005,Fashion,596.8125
2024-11-03,S005,Fashion,24632.0835
2024-11-10,S005,Fashion,5278.6645
2024-11-17,S005,Fashion,8864.137999999999
2024-11-24,S005,Fashion,25560.552
2024-12-01,S005,Fashion,10932.408
2024-12-08,S005,Fashion,3246.6835
2024-12-15,S005,Fashion,16229.25
2024-12-22,S005,Fashion,186.626
2024-12-29,S005,Fashion,6563.155
2025-01-05,S005,Fashion,16959.639499999997
2025-01-12,S005,Fashion,5698.592000000001
2025-01-19,S005,Fashion,5148.4065
2025-01-26,S005,Fashion,9757.223
2025-02-02,S005,Fashion,5194.7605
2025-02-09,S005,Fashion,13109.5615
2025-02-16,S005,Fashion,14796.860999999999
2025-02-23,S005,Fashion,13300.968
2025-03-02,S005,Fashion,8900.5215
2025-03-09,S005,Fashion,8941.373
2025-03-16,S005,Fashion,27161.4735
2025-03-23,S005,Fashion,6214.619
2025-03-30,S005,Fashion,16930.94
2025-04-06,S005,Fashion,9704.7175
2025-04-13,S005,Fashion,19780.58
2025-04-20,S005,Fashion,219.56
2025-04-27,S005,Fashion,7754.585
2025-05-04,S005,Fashion,15984.752499999999
2025-05-11,S005,Fashion,9651.015
2025-05-18,S005,Fashion,10092.3015
2025-05-25,S005,Fashion,2255.9
2025-06-01,S005,Fashion,5599.6335
2025-06-08,S005,Fashion,4275.279
2025-06-15,S005,Fashion,16526.4425
2025-06-22,S005,Fashion,11990.4045
2025-06-29,S005,Fashion,3561.1855
2025-07-06,S005,Fashion,21258.1625
2025-07-13,S005,Fashion,16375.483499999998
2025-07-20,S005,Fashion,1352.84
2025-07-27,S005,Fashion,17070.093999999997
2025-08-03,S005,Fashion,22267.4005
2025-08-10,S005,Fashion,21663.5945
2025-08-17,S005,Fashion,17271.4975
2025-08-24,S005,Fashion,21118.6375
2025-08-31,S005,Fashion,29680.49
2025-09-07,S005,Fashion,17180.624499999998
2025-09-14,S005,Fashion,74.562
2023-09-17,S005,Groceries,4163.736
2023-09-24,S005,Groceries,9204.3
2023-10-01,S005,Groceries,1828.368
2023-10-15,S005,Groceries,121.4575
2023-10-29,S005,Groceries,6797.156
2023-11-05,S005,Groceries,2205.941
2023-11-12,S005,Groceries,8058.964499999999
2023-11-26,S005,Groceries,1785.1259999999997
2023-12-10,S005,Groceries,1036.014
2023-12-17,S005,Groceries,8422.762499999999
2023-12-24,S005,Groceries,1036.014
2023-12-31,S005,Groceries,858.7350000000001
2024-01-21,S005,Groceries,604.295
2024-01-28,S005,Groceries,1440.234
2024-02-04,S005,Groceries,3453.584
2024-03-10,S005,Groceries,9395.4
2024-03-17,S005,Groceries,1867.5604999999998
2024-03-24,S005,Groceries,6764.688
2024-04-14,S005,Groceries,1144.98
2024-04-21,S005,Groceries,6136.2
2024-04-28,S005,Groceries,2460.6139999999996
2024-05-05,S005,Groceries,4163.736
2024-05-19,S005,Groceries,9583.307999999999
2024-05-26,S005,Groceries,931.362
2024-06-09,S005,Groceries,76.71000000000001
2024-06-23,S005,Groceries,9039.736
2024-06-30,S005,Groceries,51.14
2024-07-07,S005,Groceries,438.0295
2024-07-14,S005,Groceries,4382.88
2024-07-28,S005,Groceries,6088.984
2024-08-11,S005,Groceries,132.964
2024-08-18,S005,Groceries,2331.756
2024-08-25,S005,Groceries,1081.8035
2024-09-01,S005,Groceries,6950.843
2024-09-08,S005,Groceries,1196.568
2024-09-15,S005,Groceries,14058.912
2024-09-22,S005,Groceries,3859.888
2024-09-29,S005,Groceries,1208.59
2024-10-06,S005,Groceries,259.0035
2024-10-13,S005,Groceries,2807.7554999999998
2024-10-27,S005,Groceries,5829.389999999999
2024-11-17,S005,Groceries,5025.714999999999
2024-12-01,S005,Groceries,2474.152
2024-12-15,S005,Groceries,314.1345
2024-12-22,S005,Groceries,23551.694
2024-12-29,S005,Groceries,4272.0135
2025-01-05,S005,Groceries,1201.6675
2025-01-12,S005,Groceries,1257.7559999999999
2025-01-19,S005,Groceries,8925.63
2025-01-26,S005,Groceries,3725.448
2025-02-02,S005,Groceries,2224.13
2025-02-09,S005,Groceries,289.4745
2025-03-02,S005,Groceries,9959.124
2025-03-09,S005,Groceries,3682.306
2025-03-30,S005,Groceries,10889.3545
2025-04-06,S005,Groceries,4809.054
2025-04-13,S005,Groceries,418.846
2025-04-27,S005,Groceries,6015.063000000001
2025-05-04,S005,Groceries,1973.3755
2025-05-11,S005,Groceries,20960.182999999997
2025-05-18,S005,Groceries,5741.767500000001
2025-05-25,S005,Groceries,5520.206
2025-06-01,S005,Groceries,5823.5
2025-06-08,S005,Groceries,1965.004
2025-06-22,S005,Groceries,6389.894499999999
2025-06-29,S005,Groceries,3725.448
2025-07-06,S005,Groceries,7465.344
2025-07-13,S005,Groceries,3347.5159999999996
2025-07-20,S005,Groceries,4826.700000000001
2025-07-27,S005,Groceries,7800.745999999999
2025-08-17,S005,Groceries,3712.1974999999998
2025-08-24,S005,Groceries,182.23399999999998
2025-08-31,S005,Groceries,1354.7235
2025-09-07,S005,Groceries,51.14
